{
  "token_acc":1.0,
  "token_p":1.0,
  "token_r":1.0,
  "token_f":1.0,
  "cats_score":0.5156668728,
  "cats_score_desc":"macro F",
  "cats_micro_p":0.5333333333,
  "cats_micro_r":0.5333333333,
  "cats_micro_f":0.5333333333,
  "cats_macro_p":0.6062358277,
  "cats_macro_r":0.5272370487,
  "cats_macro_f":0.5156668728,
  "cats_macro_auc":0.7998063919,
  "cats_f_per_type":{
    "DOUBT":{
      "p":0.1428571429,
      "r":0.2,
      "f":0.1666666667
    },
    "FEAR":{
      "p":0.5,
      "r":0.5,
      "f":0.5
    },
    "VIOLENCE":{
      "p":0.0,
      "r":0.0,
      "f":0.0
    },
    "GREETING":{
      "p":1.0,
      "r":0.5,
      "f":0.6666666667
    },
    "GOODBYE":{
      "p":1.0,
      "r":1.0,
      "f":1.0
    },
    "THANKS":{
      "p":1.0,
      "r":0.25,
      "f":0.4
    },
    "ANGER":{
      "p":1.0,
      "r":0.75,
      "f":0.8571428571
    },
    "CONFUSION":{
      "p":0.75,
      "r":1.0,
      "f":0.8571428571
    },
    "TRANSITION":{
      "p":0.25,
      "r":1.0,
      "f":0.4
    },
    "INFORMATION":{
      "p":1.0,
      "r":0.5384615385,
      "f":0.7
    },
    "AGREEMENT":{
      "p":0.0,
      "r":0.0,
      "f":0.0
    },
    "CON":{
      "p":1.0,
      "r":0.5714285714,
      "f":0.7272727273
    },
    "EXC":{
      "p":0.4,
      "r":0.5,
      "f":0.4444444444
    },
    "AGR":{
      "p":0.4444444444,
      "r":0.5714285714,
      "f":0.5
    }
  },
  "cats_auc_per_type":{
    "DOUBT":0.6727272727,
    "FEAR":0.5344827586,
    "VIOLENCE":0.8793103448,
    "GREETING":0.9913793103,
    "GOODBYE":1.0,
    "THANKS":0.625,
    "ANGER":0.9955357143,
    "CONFUSION":1.0,
    "TRANSITION":0.9649122807,
    "INFORMATION":0.9279869067,
    "AGREEMENT":0.4224137931,
    "CON":0.8706199461,
    "EXC":0.6741071429,
    "AGR":0.6388140162
  },
  "speed":56870.0200717705
}