{
  "token_acc":1.0,
  "token_p":1.0,
  "token_r":1.0,
  "token_f":1.0,
  "cats_score":0.4237244898,
  "cats_score_desc":"macro F",
  "cats_micro_p":0.5576923077,
  "cats_micro_r":0.5576923077,
  "cats_micro_f":0.5576923077,
  "cats_macro_p":0.4253246753,
  "cats_macro_r":0.4742063492,
  "cats_macro_f":0.4237244898,
  "cats_macro_auc":0.7550428227,
  "cats_f_per_type":{
    "DOUBT":{
      "p":0.5,
      "r":1.0,
      "f":0.6666666667
    },
    "FEAR":{
      "p":0.0,
      "r":0.0,
      "f":0.0
    },
    "VIOLENCE":{
      "p":0.0,
      "r":0.0,
      "f":0.0
    },
    "GREETING":{
      "p":0.0,
      "r":0.0,
      "f":0.0
    },
    "GOODBYE":{
      "p":0.6666666667,
      "r":1.0,
      "f":0.8
    },
    "THANKS":{
      "p":1.0,
      "r":0.5,
      "f":0.6666666667
    },
    "ANGER":{
      "p":0.75,
      "r":0.75,
      "f":0.75
    },
    "CONFUSION":{
      "p":0.75,
      "r":1.0,
      "f":0.8571428571
    },
    "TRANSITION":{
      "p":0.4545454545,
      "r":1.0,
      "f":0.625
    },
    "INFORMATION":{
      "p":0.8333333333,
      "r":0.5555555556,
      "f":0.6666666667
    },
    "AGREEMENT":{
      "p":0.0,
      "r":0.0,
      "f":0.0
    },
    "CON":{
      "p":0.5,
      "r":0.5,
      "f":0.5
    },
    "EXC":{
      "p":0.5,
      "r":0.3333333333,
      "f":0.4
    },
    "AGR":{
      "p":0.0,
      "r":0.0,
      "f":0.0
    }
  },
  "cats_auc_per_type":{
    "DOUBT":0.9489361702,
    "FEAR":0.15,
    "VIOLENCE":0.74,
    "GREETING":0.85,
    "GOODBYE":0.99,
    "THANKS":0.6666666667,
    "ANGER":0.8333333333,
    "CONFUSION":1.0,
    "TRANSITION":0.9829787234,
    "INFORMATION":0.9328165375,
    "AGREEMENT":0.61,
    "CON":0.9202898551,
    "EXC":0.3333333333,
    "AGR":0.612244898
  },
  "speed":51566.7082703811
}