{
  "token_acc":1.0,
  "token_p":1.0,
  "token_r":1.0,
  "token_f":1.0,
  "cats_score":0.4949134199,
  "cats_score_desc":"macro F",
  "cats_micro_p":0.5882352941,
  "cats_micro_r":0.5882352941,
  "cats_micro_f":0.5882352941,
  "cats_macro_p":0.4931122449,
  "cats_macro_r":0.5333333333,
  "cats_macro_f":0.4949134199,
  "cats_macro_auc":0.7914227609,
  "cats_f_per_type":{
    "DOUBT":{
      "p":0.5714285714,
      "r":0.8,
      "f":0.6666666667
    },
    "FEAR":{
      "p":0.0,
      "r":0.0,
      "f":0.0
    },
    "VIOLENCE":{
      "p":0.0,
      "r":0.0,
      "f":0.0
    },
    "GREETING":{
      "p":1.0,
      "r":1.0,
      "f":1.0
    },
    "GOODBYE":{
      "p":0.5,
      "r":0.5,
      "f":0.5
    },
    "THANKS":{
      "p":0.5,
      "r":0.25,
      "f":0.3333333333
    },
    "ANGER":{
      "p":0.6,
      "r":0.75,
      "f":0.6666666667
    },
    "CONFUSION":{
      "p":1.0,
      "r":1.0,
      "f":1.0
    },
    "TRANSITION":{
      "p":0.375,
      "r":1.0,
      "f":0.5454545455
    },
    "INFORMATION":{
      "p":0.8571428571,
      "r":0.6666666667,
      "f":0.75
    },
    "AGREEMENT":{
      "p":0.0,
      "r":0.0,
      "f":0.0
    },
    "CON":{
      "p":0.6666666667,
      "r":0.6666666667,
      "f":0.6666666667
    },
    "EXC":{
      "p":0.5,
      "r":0.3333333333,
      "f":0.4
    },
    "AGR":{
      "p":0.3333333333,
      "r":0.5,
      "f":0.4
    }
  },
  "cats_auc_per_type":{
    "DOUBT":0.9434782609,
    "FEAR":0.4387755102,
    "VIOLENCE":0.4897959184,
    "GREETING":1.0,
    "GOODBYE":0.9795918367,
    "THANKS":0.7659574468,
    "ANGER":0.7872340426,
    "CONFUSION":1.0,
    "TRANSITION":1.0,
    "INFORMATION":0.9417989418,
    "AGREEMENT":0.5918367347,
    "CON":0.9074074074,
    "EXC":0.5,
    "AGR":0.7340425532
  },
  "speed":52648.3995222963
}